inner_code;name;name_eng;adm_code;iata;icao
АБА;Абаза;Abaza;ХЯ; ; 
АБН;Абакан;Abakan;ХЯ;ABA;UNAA
АБК;Абакан [агентство 01АБК]; ; ; ; 
АББ;Абан; ;КЯ; ;УНЯА
АБТ;Абатское; ;ТЮ; ; 
АБД;Абдулино; ;ОБ; ; 
АГВ;Агвали; ;ДГ; ; 
АЗУ;Агзу; ;ПР; ; 
АГИ;Агинское; ;КЯ; ; 
АГЗ;Агрыз; ;ТГ; ; 
АДМ;Адамовка; ;ОБ; ; 
АДЗ;Адзьвавом; ;КИ; ; 
АЙД;Айдара; ;КЯ; ;UNIA
АЙО;Айон; ;ЧА; ; 
АХЛ;Айхал; ;СФ; ;UERA
АСЬ;Акись; ;КИ; ; 
АСЗ;Аксарка; ;ТЮ; ; 
АКЭ;Аксеново; ;КЯ; ;UNHA
АСБ;Аксубаево; ;ТГ; ; 
АКШ;Актаныш; ;ТГ; ; 
АТШ;Акташ; ;АЙ; ; 
АКЯ;Акъяр; ;БШ; ;UWOA
АПТ;Алапаевск; ;СД; ; 
АЛЫ;Алатырь; ;ЧУ; ; 
АЛД;Алдан;Aldan;СФ;ADH;UEEA
АЛЙ;Александров Гай; ;СГ; ; 
АЛР;Александровка [ПРУ]; ; ; ; 
АЕД;Александровка [ЮРУ]; ;ВГ; ; 
АКЗ;Александровский Завод; ;ЧТ; ; 
АЛШ;Александровский Шлюз; ;КЯ; ;UNJA
АРН;Александровское; ;ТЯ; ;UNSA
АЛХ;Александровск-Сахалинский; ;СЯ; ;UHSA
АЛЕ;Алексеевка [УГЦ]; ;БГ; ; 
АИК;Алискерово; ;ЧА; ; 
АХЮ;Аллах-Юнь; ;СФ; ; 
ААЙ;Алтай; ;ТЮ; ; 
АТЛ;Алтат; ;КЯ; ; 
АЛЖ;Алыгджер; ;ИР; ; 
АМГ;Амга; ;СФ; ; 
АМУ;Амгу; ;ПР; ; 
АМД;Амдерма;Amderma;АГ;AMV;ULDD
АДЕ;Амдерма-2; ;АГ; ;ULDA
АУР;Амурзет; ;ХБ; ; 
АНБ;Анабар; ;СФ; ; 
АНЫ;Анадырь;Anadyr;ЧА;DYR;UHMA
ОЖН;Анадырь-Окружной; ;ЧА; ; 
АНА;Анапа;Anapa;КД;AAQ;URKA
АГС;Ангарск; ;ИР; ; 
АНГ;Ангарский; ;КЯ; ; 
АДР;Андрюшино; ;СД; ; 
АДШ;Андрюшкино; ;СФ; ;UESA
АЖС;Анжеро-Судженск; ;КЗ; ; 
АНФ;Аносово; ;ИР; ; 
АПЮ;Антипаюта; ;ТЮ; ;USDI
АПО;Антипино; ;ТЮ; ; 
АЮЙ;Анюйск; ;ЧА; ; 
АПХ;Апатиты; ;МУ; ;ULMK
АПУ;Апука; ;КЧ; ; 
АПШ;Апшеронск; ;КД; ; 
АРД;Ардатов; ;МД; ; 
АРМ;Арзамас; ;НЖ; ; 
ААД;Арка; ;ХБ; ; 
АДА;Аркадак; ;СГ; ; 
АРВ;Армавир; ;КД; ;URKR
АМЗ;Армизонское; ;ТЮ; ; 
АРШ;Аромашево; ;ТЮ; ; 
АРС;Арсеньев; ;ПР; ;UHWA
АРК;Артемовский; ;СД; ;USSA
АРТ;Арти; ;СД; ; 
АРЮ;Артюгино; ;КЯ; ; 
АРХ;Архангельск;Arkhangelsk;АГ;ARH; 
АРР;Архара; ;АУ; ;UHBA
АСК;Аскино; ;БШ; ; 
АСР;Астрахань;Astrakhan;АБ;ASF;URWA
АЛН;Аталанка; ;ИР; ; 
АТЯ;Атняш; ;БШ; ; 
АФС;Афанасьево; ;КП; ;USPA
АХЯ;Ахманка; ;ТЮ; ; 
АХЫ;Ахты; ;ДГ; ; 
АЧВ;Ачайваям; ;КЧ; ;UHPJ
АЧН;Ачинск;Achinsk;КЯ;ACS;UNKS
АЧИ;Ачиры; ;ТЮ; ; 
АЯН;Аян; ;ХБ; ;UHNA
АЯК;Аянка; ;КЧ; ;УХНЯ
БГН;Баган; ;НБ; ; 
БГД;Багдарин; ;БР; ;UIUB
БАХ;Багланиха; ;КЯ; ; 
БМТ;Базарные Матаки; ;ТГ; ;UWKH
БЗР;Базарный Карабулак; ;СГ; ; 
БАЖ;Байкалово; ;СД; ; 
БЙО;Байкалово [ТЮМ]; ;ТЮ; ;USTB
БЛС;Байкальск; ;ИР; ; 
БКТ;Байкит; ;КЯ; ;UNIB
БАЙ;Байково; ;СЯ; ; 
БАМ;Баймак; ;БШ; ; 
БКЫ;Бакалы; ;БШ; ; 
БАУ;Бакуры; ;СГ; ; 
БКЧ;Бакчар; ;ТЯ; ; 
БНН;Балаганное; ;МГ; ; 
БАЛ;Балаганск; ;ИР; ; 
БАО;Балаково;Balakovo;СГ;BWO;UWSB
БХТ;Балахта; ;КЯ; ; 
БЛШ;Балашов; ;СГ; ;UWSW
БАЕ;Балей; ;ЧТ; ; 
БАЫ;Балыкса; ;ХЯ; ; 
БЛЧ;Балыкча; ;АЙ; ; 
БАР;Барабинск; ;НБ; ;UNRR
БРА;Бараниха; ;ЧА; ;UHMB
БРГ;Баргузин; ;БР; ; 
БАН;Барнаул;Barnaul;АЛ;BAX;UNBB
БЫШ;Барыш; ;УЛ; ; 
БТГ;Батагай; ;СФ; ;UEBB
БТВ;Батово; ;ТЮ; ; 
БТР;Батурино; ;ТЯ; ; 
БХА;Бахта; ;КЯ; ;UNHB
БЕБ;Бедоба; ;КЯ; ; 
БЕЖ;Бежаницы; ;ПС; ; 
БЖТ;Бежта; ;ДГ; ; 
БЕМ;Безымянка; ;КЯ; ; 
БЕО;Беково; ;ПЗ; ; 
БАЯ;Белая; ;ИР; ;UIIB
БЯГ;Белая Гора; ;СФ; ;UESG
БКА;Белая Калитва; ;РД; ;URRA
БЕД;Белгород;Belgorod;БГ;EGO;UUOB
БЛО;Белогорск; ;АУ; ; 
БЕС;Белозерск; ;ВЯ; ;ULWB
БИХ;Белокуриха; ;АЛ; ; 
БЕЦ;Белорецк;Beloreck;БШ;BCX;UWUB
БЛР;Белоярский; ;ТЮ; ;УСХЯ
БЛЕ;Белушье; ;АГ; ;ULEB
БЛЫ;Белый; ;ТИ; ; 
БЕЛ;Белый Яр; ;ТЯ; ;УНЛЯ
БЕЧ;Белькачи; ;СФ; ; 
БЛИ;Беляки; ;КЯ; ; 
БЕГ;Берегаево; ;ТЯ; ; 
БОЙ;Береговой; ;АУ; ; 
БРЗ;Березник; ;АГ; ;ULAB
БЗК;Березники; ;ПМ; ;USPT
БЗА;Березовка; ;ТЯ; ;УНЯЕ
БЕР;Березово; ;ТЮ; ;USHB
БНГ;Беринговский; ;ЧА; ;UHMR
БТЖ;Бестужево; ;АГ; ; 
БСК;Бийск; ;АЛ; ;UNBI
БИБ;Билибино; ;ЧА; ; 
БИЛ;Биллингс; ;ЧА; ; 
БЯР;Билярск; ;ТГ; ; 
БРЖ;Биробиджан; ;ЕИ; ;UHHB
БИК;Бирючья Коса; ;АБ; ; 
БТК;Битки; ;НБ; ; 
БЧР;Бичура; ;БР; ; 
БГЩ;Благовещенск;Blagoveschensk;АУ;BQS;UHBB
БЛЩ;Благовещенское; ;АГ; ; 
БЛН;Благодарный; ;СП; ; 
БГЕ;Богдановское; ;ЧЛ; ; 
БОГ;Богородск; ;НЖ; ; 
БГР;Богородское; ;ХБ; ;UHNB
БОЧ;Богучаны; ;КЯ; ;UNKB
БГЧ;Богучар; ;ВЖ; ; 
БДБ;Бодайбо; ;ИР; ;UIKB
БКЯ;Боковский; ;РД; ; 
БОЛ;Болгар; ;ТГ; ;UWKT
БХО;Болхов; ;ОЛ; ; 
БЧЫ;Болчары; ;ТЮ; ; 
БШЫ;Большая Мартыновка; ;РД; ; 
БМР;Большая Мурта; ;КЯ; ;UNKA
БПЧ;Большая Пучкома; ;КИ; ; 
БЛУ;Большеустьикинск; ;БШ; ; 
БШТ;Большие Тарханы; ;ТГ; ; 
БШУ;Большие Уки; ;ОЯ; ; 
БЛБ;Большое Болдино; ;НЖ; ;UWGB
БШХ;Большое Тархово; ;ТЮ; ; 
БОА;Большой Атлым; ;ТЮ; ; 
БОК;Большой Ларьяк; ;ТЮ; ; 
БМН;Бомнак; ;АУ; ; 
БОЗ;Борзя; ;ЧТ; ;UIAB
БРК;Борисоглебск; ;ВЖ; ; 
БОР;Боровичи; ;НГ; ;ULNB
БОЦ;Борогонцы; ;СФ; ; 
БРО;Борок; ;АГ; ; 
БОТ;Ботлих; ;ДГ; ; 
БРС;Братск;Bratsk;ИР;BTK;UIBB
БДЫ;Бреды; ;ЧЛ; ; 
БРЙ;Брейтово; ;ЯР; ;UUMJ
БРР;Бриакан; ;ХБ; ; 
БКЛ;Брыкаланск; ;КИ; ; 
БРЯ;Брянск;Briansk;БН;BZK;UUBP
БУЕ;Бугаево; ;КИ; ; 
БУГ;Бугульма;Bugulma;ТГ;UUA;UWKB
БУУ;Бугуруслан; ;ОБ; ; 
БДН;Буденовск; ;СП; ; 
БУН;Буинск; ;ТГ; ; 
БУЬ;Бур; ;ИР; ; 
БРЧ;Бургахчан; ;ЧА; ; 
БУР;Буревестник; ;СЯ; ;UHSB
БУЫ;Бурный; ;КЯ; ;UNJB
ПРД;Бухта Провидения;Provideniya;ЧА;PVS;UHMD
БЫЛ;Былино; ;ТЮ; ; 
БЫС;Быстрый; ;ЧА; ; 
БЫЧ;Бычье; ;АГ; ; 
ВАГ;Вагай; ;ТЮ; ; 
ВГИ;Ваеги; ;ЧА; ; 
ВАЖ;Важгорт; ;КИ; ; 
ВАЛ;Вал; ;СЯ; ; 
ВЛЙ;Валуйки; ;БГ; ;UUOW
ВМП;Вампугольск; ;ТЮ; ; 
ВРЯ;Ванавара; ;КЯ; ;UNIW
ВЗТ;Ванзеват; ;ТЮ; ; 
ВЗУ;Ванзетур; ;ТЮ; ; 
ВРЧ;Ванкарем; ;ЧА; ; 
ВРЙ;Варандей; ;АГ; ;ULDW
ВРИ;Варнавино; ;НЖ; ;UWGW
ВЬМ;Васильевский Мох; ;ТИ; ; 
ВИС;Васисс; ;ОЯ; ; 
ВМЙ;Ваховск; ;ТЮ; ; 
ВАЧ;Вачи; ;ДГ; ; 
ВЕЙ;Вейделевка; ;БГ; ; 
ВЕК;Великие Луки;Velikiye Luki;ПС;VLU;ULOL
НРД;Великий Новгород;Velikij Novgorod;НГ;NVR;ULNN
ВЕУ;Великий Устюг;Velikij Ustyug;ВЯ;VUS;ULWU
ВКЧ;Великовисочное; ;НЕ; ; 
ВСК;Вельск; ;АГ; ;ULKW
ВЩГ;Верещагино; ;КЯ; ;UOTW
ВТИ;Вертикос; ;ТЯ; ; 
ВХВ;Верхневилюйск; ;СФ; ;UENI
ВХИ;Верхнеимбатское; ;КЯ; ;UNIL
ВМУ;Верхне-Марково; ;ИР; ; 
ВРХ;Верхнеуральск; ;ЧЛ; ; 
ВЛР;Верхний Ландех; ;ИВ; ; 
ВХП;Верхний Парень; ;МГ; ; 
ВХГ;Верхняя Гутара; ;ИР; ; 
ВЕЗ;Верхняя Золотица; ;АГ; ;ULBW
ВНЯ;Верхняя Кема; ;ВЯ; ; 
ВЯК;Верхняя Колва; ;ПМ; ; 
ВСД;Верхняя Салда; ; ; ; 
ВЕТ;Верхняя Тойма; ;АГ; ;ULKT
ВХЬ;Верховье; ;АГ; ; 
ВТР;Верхотурье; ;СД; ; 
ВХЯ;Верхоянск; ;СФ; ;UEBW
ВЕД;Вершино-Дарасунский; ;ЧТ; ; 
ВСЫ;Веселый; ;ВГ; ; 
ВНИ;Весенний; ;ЧА; ; 
ВЕГ;Весьегонск; ;ТИ; ; 
ВЛГ;Ветлуга; ;НЖ; ; 
ВШН;Вешенская; ;РД; ;URRW
ВИА;Виахту; ;СЯ; ; 
ВИЖ;Вижас; ;АГ; ;ULJI
ВИЗ;Визирный; ;ИР; ; 
ВКЛ;Викулово; ;ТЮ; ; 
ВИК;Вилюйск; ;СФ; ;UENW
ВИМ;Витим; ;СФ; ;UERT
ВВО;Владивосток;Vladivostok;ПР;VVO;UHWW
ВЛА;Владикавказ;Vladikavkaz;СИ;OGZ;URMO
ВЛМ;Владимир; ;ВЛ; ;UUBL
ВЛЧ;Владычное; ;ЯР; ; 
ВОЖ;Вожгора; ;АГ; ;ULJW
ВОЗ;Вознесенское; ;НЖ; ; 
ВГГ;Волгоград;Volgograd;ВГ;VOG;URWW
ВЛД;Волгодонск;Volgodonsk;РД;VLK;УРРЯ
ВЛЖ;Волжский; ;ВГ; ; 
ВОВ;Волово; ;ТЛ; ; 
ВГД;Вологда;Vologda;ВЯ;VGD;ULWW
ВЛЯ;Волоковая; ;АГ; ;ULEW
ВОЛ;Волочанка; ;КЯ; ;UOON
ВЛХ;Волчиха; ;АЛ; ; 
ВЛС;Вольск; ;СГ; ; 
ВКТ;Воркута;Vorkuta;КИ;VKT;UUYW
ВРГ;Ворогово; ;КЯ; ;UNHW
ВРН;Воронеж;Voronezh;ВЖ;VOZ;UUOO
ВРФ;Ворфоломеевка; ;ПР; ; 
ВНУ;Воскресенское; ;МС; ; 
ВТЧ;Восточный; ;ЧА; ; 
ВТК;Воткинск; ;УД; ; 
ВОЯ;Воямполка; ;КЧ; ; 
ВТЛ;Вуктыл; ;КИ; ;UUYK
ВЫД;Выдрино; ;БР; ; 
ВЫН;Выкатное; ;ТЮ; ; 
ВЫК;Выкса; ;НЖ; ; 
ВЫП;Выползово; ;ТИ; ; 
ВМС;Высокий Мыс; ;ТЮ; ; 
ВТГ;Вытегра; ;ВЯ; ;ULWR
ВЯЗ;Вязьма; ;СЛ; ; 
ВТП;Вятские Поляны; ;КП; ; 
ГАГ;Гагино; ;НЖ; ;UWGA
ГЗВ;Газимуровский Завод; ;ЧТ; ; 
ГАН;Гайны; ;ПМ; ;USPG
ГЛЧ;Галич; ;КФ; ; 
ГАР;Гари; ;СД; ; 
ГДО;Гдов; ;ПС; ; 
ГДЖ;Геленджик;Gelendzik;КД;GDZ;URKG
ГГБ;Гергебель; ;ДГ; ; 
ГЖГ;Гижига; ;МГ; ; 
ГЛЗ;Глазов; ;УД; ; 
ГОВ;Говорково; ;КЯ; ;UNHG
ГОЦ;Голицыно; ;ПЗ; ; 
ГТЛ;Голотль; ;ДГ; ; 
ГРА;Горка; ;АГ; ;ULKG
ГОК;Горки; ;ТЮ; ; 
ГОР;Горно-Алтайск; ;АЙ; ;UNBG
ГРЗ;Горнозаводск; ;СЯ; ; 
ГРП;Горно-Правдинск; ;ТЮ; ;USHP
ГРР;Горнореченск; ;ТЮ; ; 
ГОЧ;Горно-Чуйский; ;ИР; ; 
ГНЫ;Горный; ;СГ; ; 
ГРЙ;Горный [ДВУ]; ;АУ; ; 
ГОН;Горный[ТЮМ]; ;ТЮ; ; 
ГРЦ;Городец; ;НЖ; ;UWGD
ГВВ;Городовиковск; ;КЦ; ; 
ГШХ;Горошиха; ;КЯ; ;UOTG
ГЧИ;Горячинск; ;БР; ; 
ГРХ;Гремиха; ;МУ; ; 
ГРН;Грозный;Groznyj;ЧИ;GRV;URMG
ГБК;Губкин; ;БГ; ; 
ГДМ;Гудермес; ;ЧИ; ; 
ГУС;Гусь-Хрустальный; ;ВЛ; ; 
ГЫД;Гыда; ;ТЮ; ; 
ДНГ;Дальнегорск; ;ПР; ; 
ДЕЕ;Дальнее; ;ТЯ; ; 
ДЛЧ;Дальнереченск; ;ПР; ;UHHD
ДЛЛ;Дальний; ;ЧА; ; 
ДНЙ;Дальний; ;ИР; ; 
ДВК;Даниловка; ;ВГ; ; 
ДНВ;Данков; ;ЛП; ; 
ДРС;Дарасун; ;ЧТ; ; 
ДВЦ;Дворец; ;КЯ; ; 
ДЕД;Дедовичи; ;ПС; ; 
ДКА;Де-Кастри; ;ХБ; ; 
ДМЯ;Демянск; ;НГ; ; 
ДНС;Денисовка; ;КИ; ;USPD
ДЕП;Депутатский; ;СФ; ;UEBD
ДЕР;Дербент; ;ДГ; ;UBBK
ДРГ;Дергачи; ;СГ; ; 
ДЖР;Джазатор; ;АЙ; ; 
ДЖХ;Джебарики-Хая; ;СФ; ;УЕЯД
ДЖО;Джонки; ;ХБ; ; 
ДБГ;Джубга; ;КД; ; 
ДЗЕ;Дзель; ;КИ; ; 
ДЗЖ;Дзержинское; ;КЯ; ;УНЯД
ДИК;Диксон;Dikson;КЯ;DKS;UODD
ДМГ;Димитровград; ;УЛ; ; 
ДМИ;Дмитриевка; ;ТБ; ; 
ДВН;Довольное; ;НБ; ; 
ДГЩ;Долгощелье; ;АГ; ;ULBD
ДОН;Донецк; ;РД; ; 
ДГЖ;Дорогобуж; ;СЛ; ; 
ДЖЖ;Дрожжаное; ;ТГ; ; 
ДУЖ;Дружный; ;ТЯ; ; 
ТЮК;Друса; ;ОЯ; ; 
ДРК;Дубровка; ;НБ; ; 
ДУО;Дубровка [СЗУ]; ;ЛЕ; ; 
ДБР;Дубровка [УГЦ]; ;БН; ; 
ДУВ;Дуван; ;БШ; ; 
ДНК;Дудинка; ;КЯ; ;UOOD
ДДС;Дудоровский; ;КЖ; ; 
ДУХ;Духовницкое; ;СГ; ; 
ЕДИ;Единка; ;ПР; ;UHWE
ЕЗЕ;Езевец; ;АГ; ; 
ЕСК;Ейск; ;КД; ;URKE
ЕКБ;Екатеринбург;Ekaterinburg;СД;SVX; 
ЕКЛ;Екатеринославка; ;ОЯ; ; 
ЕЛА;Елабуга; ;ТГ; ;UWKL
ЕНЬ;Елань; ;ВГ; ; 
ЕЛЫ;Еласы; ;МИ; ; 
ЕТМ;Елатьма; ;РЯ; ; 
ЕЛЦ;Елец; ;ЛП; ; 
ЕЛЗ;Елизарово; ;ТЮ; ; 
ЕЦВ;Ельцовка; ;АЛ; ; 
ЕЛЮ;Елюга; ;АГ; ; 
ЕМЬ;Емва; ;КИ; ;UUYM
ЕНС;Енисейск;Eniseysk;КЯ;EIE;UNII
ЕРУ;Ерахтур; ;РЯ; ; 
ЕГЧ;Ербогачен; ;ИР; ;UIKE
ЕРН;Еремино; ;СД; ; 
ЕРЦ;Ермица; ;КИ; ; 
ЕРМ;Ермишь; ;РЯ; ; 
ЕЛО;Ермолино; ;КЖ; ;UUWE
ЕРШ;Ершов; ;СГ; ; 
ЕСИ;Ессей; ;КЯ; ;UNIE
ЕСН;Ессентуки; ;СП; ;URME
ЖЛН;Железноводск; ;СП; ; 
ЖЕЗ;Железногорск; ;ИР; ;UIBV
ЖЛГ;Железногорск [УГЦ]; ;КУ; ; 
ЖВК;Жердевка; ;ТБ; ; 
ЖШР;Жешарт; ;КИ; ; 
ЖЛВ;Жигалово; ;ИР; ;UIIV
ЖИГ;Жиганск; ;СФ; ;UEVV
ЖГЛ;Жигулевск; ;СБ; ; 
ЖИЛ;Жилинда; ;СФ; ; 
ЖИР;Жирновск; ;ВГ; ; 
ЗАВ;Заветное; ;РД; ;URRY
ЗВТ;Завитинск; ;АУ; ; 
ЗДН;Задонск; ;ЛП; ; 
ЗСК;Заинск; ;ТГ; ; 
ЗРЕ;Зайцева Речка; ;ТЮ; ; 
ЗКМ;Закаменск; ;БР; ;UIIG
ЗЛА;Залив Лаврентия; ;ЧА; ;UHML
ЗМЖ;Замежный; ;КИ; ; 
ЗМС;Заморский; ;ИР; ; 
ЗЗР;Заозерный; ;КЯ; ;УНЯЫ
ЗХВ;Захар-Вань; ;КИ; ; 
ЗДВ;Здвинск; ;НБ; ; 
ЗЛВ;Зеледеево; ;КЯ; ; 
ЗЕН;Зенково; ;ТЮ; ; 
ЗЕЯ;Зея; ;АУ; ;UHBE
ЗИЛ;Зилаир; ;БШ; ; 
ЗИМ;Зима; ;ИР; ; 
ЗМН;Зимний; ;СД; ; 
ЗМВ;Зимовники; ;РД; ; 
ЗМТ;Зимстан; ;КИ; ; 
ЗВС;Златоустовск; ;АУ; ; 
ЗМГ;Змеиногорск; ;АЛ; ; 
ЗНС;Знаменское; ;ОЯ; ; 
ЗОН;Зональное; ;СЯ; ;UHSO
ЗОТ;Зотино; ;КЯ; ;UNHZ
ЗНК;Зырянка; ;СФ; ;UESU
ИВВ;Иваново;Ivanovo;ИВ;IWA;UUBI
ИВТ;Ивантеевка; ;МС; ; 
ИВШ;Ивашка; ;КЧ; ; 
ИВД;Ивдель; ;СД; ;USSI
ИГР;Игарка;Igarka;КЯ;IAA;UOII
ИРМ;Игрим; ;ТЮ; ;USHI
ИДР;Идринское; ;КЯ; ; 
ИЖВ;Ижевск;Izhevsk;УД;IJK;USII
ИЖМ;Ижма; ;КИ; ;UUYV
ИКЯ;Ика; ;ИР; ; 
ИЛИ;Илирней; ;ЧА; ; 
ИПР;Ильпырский; ;КЧ; ; 
ИНГ;Индига; ;АГ; ;ULEI
ИНХ;Иннах; ;ЧА; ; 
ИНЛ;Иннялы; ;СФ; ; 
ИНС;Инсар; ;МД; ; 
ИНТ;Инта;Inta;КИ;INA;UUYI
ИНЧ;Инчоун; ;ЧА; ; 
ИНЯ;Иня; ;ХБ; ; 
ИБА;Ирба; ;КЯ; ; 
ИБК;Ирбейское; ;КЯ; ; 
ИРБ;Ирбит; ;СД; ; 
ИКТ;Иркутск;Irkutsk;ИР;IKT;UIII
ИКА;Иркутск [агентство 01ИКА]; ; ; ; 
ИКБ;Иркутск [агентство 01ИКБ]; ; ; ; 
ИТА;Итака; ;ЧТ; ; 
ИЛТ;Иультин; ;ЧА; ; 
ИЧА;Ича; ;КЧ; ; 
ИШМ;Ишим; ;ТЮ; ;USTM
ИШО;Йошкар-Ола;Joshkar-Ola;МИ;JOK;UWKJ
КАВ;Кавалерово; ;ПР; ;UHWK
КАД;Кадом; ;РЯ; ; 
КДИ;Кадый; ;КФ; ; 
КЗН;Казань;Kazan;ТГ;KZN; 
КЗЧ;Казачинск; ;ИР; ; 
КЧС;Казачинское; ;КЯ; ; 
КЗЫ;Казым; ;ТЮ; ; 
КЛЧ;Калач; ;ВЖ; ; 
КАГ;Калга; ;ЧТ; ;UIAG
КАЛ;Калевала; ;КЛ; ;ULPK
КАЭ;Каликино; ;ОБ; ;UWOK
КЛД;Калининград;Kaliningrad;КГ;KGD;UMKK
КИИ;Калинино; ;НЖ; ; 
КЛГ;Калуга;Kaluga;КЖ;KLF;UUBC
КМЯ;Кама; ;ТЮ; ; 
ККЯ;Каменка [АРХ]; ;АГ; ;ULBK
КЕЫ;Каменный; ;ТЮ; ; 
КДУ;Каменское; ;КЧ; ;UHPZ
КМУ;Каменск-Уральский; ;СД; ; 
КНО;Камень-на-Оби; ;АЛ; ;UNBK
КМЗ;Камзас; ;КЗ; ; 
КУТ;Камское Устье; ;ТГ; ; 
КМШ;Камышин; ;ВГ; ;URWK
КНЫ;Канава; ;КИ; ; 
КГР;Канготово; ;КЯ; ;UOTK
КЙЯ;Канкунский; ;СФ; ; 
КСК;Канск; ;КЯ; ;UNKN
КНЧ;Канчалан; ;ЧА; ; 
КДЕ;Караидель; ;БШ; ; 
КАР;Каракульское; ;ЧЛ; ; 
КРЭ;Карам; ;ИР; ; 
КАУ;Карасук; ;НБ; ; 
КТЗ;Карата; ;ДГ; ; 
КТЙ;Каратайка; ;АГ; ;ULDT
КЗС;Каратузское; ;КЯ; ;UNAK
КАЮ;Караул; ;КЯ; ; 
КХИ;Кара-Хаак; ;ТУ; ; 
КХЬ;Кара-Холь; ;ТУ; ; 
КХУ;Карахун; ;ИР; ; 
КЧК;Карачаевск; ;КЫ; ; 
КЯЯ;Караяр; ;БШ; ; 
КАС;Каргасок; ;ТЯ; ;UNLK
КГП;Каргополь; ;АГ; ;ULAR
КПС;Карпинск; ;СД; ; 
КПГ;Карпогоры; ;АГ; ;ULAP
КЛТ;Картаель; ;КИ; ; 
КРТ;Карталы; ;ЧЛ; ; 
КЫЮ;Карым-Кары; ;ТЮ; ; 
КЬЕ;Карьеполье; ;АГ; ;ULBP
КСМ;Касимов; ;РЯ; ; 
КАП;Каспийский; ;КЦ; ; 
ККГ;Катайга; ;ТЯ; ; 
КТЫ;Катырык; ;КЯ; ;UOHT
КАЧ;Качуг; ;ИР; ; 
КЭТ;Каэттын; ;ЧА; ; 
КВЗ;Квазеньга; ;АГ; ; 
КЕД;Кедва; ;КИ; ; 
КДД;Кедровый; ;ТЯ; ;UNCK
КЖМ;Кежма; ;КЯ; ;UNKE
КЗГ;Келлог; ;КЯ; ;UOTE
КРВ;Кемерово;Kemerovo;КЗ;KEJ;UNEE
КЕГ;Кенга; ;ТЯ; ; 
КПМ;Кепервеем; ;ЧА; ;UHMK
КЭР;Керос; ;ПМ; ; 
КЧФ;Керчевский; ;ПМ; ; 
КГЯ;Кесова Гора; ;ТИ; ;UUMK
КВЙ;Киевский; ;ТЯ; ; 
КЙВ;Киевский [УГЦ]; ;МС; ; 
КЗЕ;Кизильское; ;ЧЛ; ; 
КЮЗ;Кизилюрт; ;ДГ; ; 
КЛР;Кизляр; ;ДГ; ;URMF
КЕИ;Кикерино; ;ЛЕ; ; 
КНП;Кикнур; ;КП; ; 
КЛЫ;Килемары; ;МИ; ; 
КЕЗ;Кильмезь; ;КП; ; 
КИМ;Кимовск; ;ТЛ; ; 
КИЫ;Кимры; ;ТИ; ; 
КШМ;Кинешма; ;ИВ; ; 
КИП;Кипиево; ;КИ; ; 
КРН;Киренск; ;ИР; ;UIKK
КЯП;Кирзя; ;БШ; ; 
КЛЛ;Кириллов; ;ВЯ; ; 
КИО;Киров;Kirov;КП;KVX;USKK
КИЧ;Киров [УГЦ]; ;КЖ; ; 
КРК;Кировск;Kirovsk;МУ;KVK; 
КИЬ;Кирс; ;КП; ;USPI
КИА;Кирсантьево; ;КЯ; ;UNJW
КСВ;Кисловодск; ;СП; ;URMK
КСЮ;Кислокан; ;КЯ; ;UNHK
КЧГ;Кичменгский Городок; ;ВЯ; ;ULWK
КНЦ;Клинцы; ;БН; ; 
КЛЮ;Клюквинка; ;ТЯ; ; 
КЮИ;Ключи [ВСУ]; ;ИР; ; 
КЧИ;Ключи [КМЧ]; ;КЧ; ;UHPW
КЯЙ;Кобяй; ;СФ; ; 
КВД;Ковдор; ;МУ; ;ULMD
КРО;Ковров; ;ВЛ; ; 
КОГ;Когалым;Kogalym;ТЮ;KGP;USRK
КЗИ;Кодинск; ;КЯ; ;UNKI
КОЖ;Кожевниково; ;КЗ; ; 
КЗЛ;Козловка; ;ЧУ; ; 
КОЗ;Козыревск; ;КЧ; ;UHPO
КЗЯ;Козьмодемьянск; ;МИ; ; 
КГИ;Койгородок; ;КИ; ; 
КОД;Койда; ;АГ; ;ULBJ
КЙС;Койнас; ;АГ; ;ULJK
КМГ;Колмогорово; ;КЯ; ;UNJG
КЛВ;Кологрив; ;КФ; ; 
КОА;Колосовка; ;ОЯ; ; 
КЛШ;Колпашево; ;ТЯ; ;UNLL
КОЛ;Колывань; ;НБ; ; 
КВН;Колывань [АЛТАЙСКАЯ]; ;АЛ; ; 
КЫМ;Колымское; ;СФ; ; 
КЧН;Кольчугино; ;ВЛ; ; 
КМЛ;Комсомольск; ;КИ; ; 
КМЙ;Комсомольский; ;МГ; ; 
КМЩ;Комсомольский [ПРУ]; ;МД; ; 
КСЛ;Комсомольск-на-Амуре;Komsomolsk Na Amure;ХБ;KXK;UHKK
КДН;Кондинское; ;ТЮ; ;USHK
КОИ;Конергино; ;ЧА; ; 
КША;Коноша; ;АГ; ; 
КШП;Коношаново; ;ИР; ; 
КСТ;Константиновск; ;РД; ; 
КПЬ;Копьево; ;ХЯ; ; 
КИЮ;Корлики; ;ТЮ; ; 
КОЧ;Коротчаево; ;ТЮ; ; 
КШЛ;Коршуново; ;ИР; ; 
КРЖ;Коряжма; ;АГ; ; 
КСЭ;Коса; ;ПМ; ; 
КОС;Кослан; ;КИ; ;UUYL
КЦО;Костино [ВСУ]; ;ИР; ; 
КИТ;Костино [КРС]; ;КЯ; ;UOTO
КСШ;Костомукша; ;КЛ; ;ULPM
КОР;Кострома;Kostroma;КФ;KMW;UUBA
КЮВ;Косью-Вом; ;КИ; ; 
КЬЛ;Котельнич; ;КП; ;USKO
КТП;Коткино; ;АГ; ;ULEK
КТС;Котлас;Kotlas;АГ;KSZ;ULKK
КОФ;Котово; ;ВГ; ; 
КУЭ;Котуй; ;КЯ; ; 
КЧЧ;Кочево; ;ПМ; ; 
КОШ;Кош-Агач; ;АЙ; ;UNBA
КШО;Кошки; ;СБ; ; 
КПВ;Крапивино; ; ; ; 
КСЖ;Краскино; ;ПР; ; 
КПН;Красная Поляна; ; ; ; 
КОЙ;Краснено; ;ЧА; ; 
КЙО;Красноармейское; ;СБ; ;UWWO
КНБ;Красноборск; ;АГ; ;ULKB
КИШ;Красновишерск; ;ПМ; ; 
КГЕ;Красногвардейское; ;БГ; ; 
КРР;Краснодар;Krasnodar;КД;KRR; 
КЕФ;Красное [КОТ]; ;АГ; ; 
КЕЭ;Красное [НРМ]; ;НЕ; ; 
КНК;Краснокаменск; ;ЧТ; ;UIAE
ККМ;Краснокамск; ;ПМ; ; 
КСО;Красноозерск; ;НБ; ; 
ККЬ;Красноселькуп; ;ТЮ; ;USDP
КСБ;Краснослободск; ;МД; ; 
КРУ;Красноуральск; ;СД; ; 
КУФ;Красноуфимск; ;СД; ;USSF
ККВ;Краснощеково; ;АЛ; ; 
КЯА;Красноярск;Krasnojarsk;КЯ;KJA; 
КЫГ;Красный Берег; ;ПМ; ; 
КСЫ;Красный Кут; ;СГ; ;UWSK
КОЬ;Красный Октябрь; ;СГ; ; 
КХЛ;Красный Холм; ;ТИ; ; 
КСЧ;Красный Чикой; ;ЧТ; ;UIAD
КСЯ;Красный Яр [ВСУ]; ;ЧТ; ; 
КРЯ;Красный Яр [ЗСУ]; ;ТЯ; ; 
КЕС;Крестовая; ;СФ; ; 
КФК;Крестовка; ;КИ; ; 
КРЦ;Крестцы; ;НГ; ; 
КЫЭ;Кресты; ;КЯ; ; 
КЧЦ;Кречевицы; ;НГ; ;ULLK
КЯЛ;Кривляк; ;КЯ; ;UNJD
КШР;Кривошеино; ;ТЯ; ; 
КТГ;Крутогорово; ;КЧ; ; 
КТЧ;Круторечка; ;СД; ; 
КВЮ;Крыловка; ;ОБ; ; 
КУР;Кудымкар; ;ПМ; ;USPK
КУЕ;Куеда; ;ПМ; ; 
КЦК;Кузнецк; ;ПЗ; ; 
КЧХ;Кузнечиха; ;ТГ; ; 
КНЬ;Кузомень [АРХ]; ;АГ; ; 
КМЬ;Кузомень [СЗУ]; ;МУ; ; 
КЗВ;Кузьмовка; ;КЯ; ;UNJE
КЙТ;Куйтун; ;ИР; ; 
КУА;Кукан; ;ХБ; ; 
КЛА;Кулар; ;СФ; ;UEBK
ККИ;Кулебаки; ;НЖ; ;UWGK
КЛО;Куликово; ;АГ; ; 
КЯУ;Кумертау; ;БШ; ; 
КУХ;Кумух; ;ДГ; ; 
КГУ;Кунгуртук; ;КЯ; ;UNYK
КПО;Купино; ;НБ; ; 
КУО;Курагино; ;КЯ; ;UNAR
КГН;Курган;Kurgan;КЭ;KRO;USUU
КГС;Курганинск; ;КД; ; 
КЕЙ;Курейка; ;КЯ; ;UOIK
КУЖ;Куржино; ;ТЯ; ; 
КИЖ;Куркино; ;ТЛ; ; 
ККШ;Курокша; ;ВЯ; ; 
КУЮ;Куролино; ;ТЯ; ; 
КУС;Курск;Kursk;КУ;URS;UUOK
КТШ;Куртамыш; ;КЭ; ; 
КМК;Курумкан; ;БР; ; 
КУЯ;Курья [КОМ]; ;КИ; ; 
КГЬ;Кускургуль; ;ТЮ; ; 
КУЫ;Кутана; ;СФ; ; 
КУУ;Кутлу-Букаш; ;ТГ; ; 
КПЮ;Кутопъеган; ;ТЮ; ; 
КХЙ;Кухтеринский; ;АУ; ; 
КУШ;Кушва; ;СД; ; 
КЮМ;Куюмба; ;КЯ; ; 
КЫЫ;Кызыл;Kyzyl;ТУ;KYZ;UNKY
КЗЖ;Кызыл-Мажалык; ;КЯ; ; 
КЫЕ;Кыкер; ;ЧТ; ; 
КЫР;Кыра; ;ЧТ; ;UIAK
КЫН;Кырен; ;БР; ; 
КЫС;Кысыл-Сыр; ;СФ; ;UENK
КЫТ;Кытманово; ;АЛ; ; 
КШИ;Кышик; ;ТЮ; ; 
КЫВ;Кыштовка; ;НБ; ;UNOA
КЯХ;Кяхта; ;БР; ; 
ЛАБ;Лабинск; ;КД; ; 
ЛБЖ;Лабожское; ;АГ; ; 
ЛАТ;Лабытнанги; ;ТЮ; ;USDL
ЛЗР;Лазарев; ;ХБ; ; 
ЛАЗ;Лазаревское; ;КД; ; 
ЛАО;Лазо; ;ПР; ; 
ЛАЙ;Лайтамак; ;ТЮ; ; 
ЛАЛ;Лальск; ;КП; ; 
ЛБР;Ламбас; ;АГ; ; 
ЛМТ;Ламутское; ;ЧА; ; 
ЛРЯ;Ларьяк; ;ТЮ; ; 
ЛСЧ;Ласточка; ;ПР; ; 
ЛХМ;Лахома; ;АГ; ; 
ЛЕБ;Лебедянь; ;ЛП; ; 
ЛЖЕ;Лебяжье; ; ; ; 
ЛТО;Лев Толстой; ;ЛП; ; 
ЛВК;Левково; ;АГ; ; 
ЛНВ;Ленево; ;КЯ; ;UNJV
ЛГР;Ленинградский; ;ЧА; ; 
ЛЕГ;Лениногорск; ;ТГ; ; 
ЛКУ;Ленинск-Кузнецкий; ;КЗ; ; 
ЛСК;Ленск; ;СФ; ;UERL
ЛОВ;Леово; ;КЯ; ; 
ЛЕС;Лесная; ;ПР; ; 
ЛСГ;Лесогорск; ;СЯ; ; 
ЛЕЗ;Летняя Золотица; ;АГ; ;ULBZ
ЛЕШ;Лешуконское; ;АГ; ;ULAL
ЛВН;Ливны; ;ОЛ; ; 
ЛКН;Ликино; ;СД; ; 
ЛИП;Липецк;Lipetsk;ЛП;LPK;UUOL
ЛСВ;Листвяги; ;ОЯ; ; 
ЛВЗ;Ловозеро; ;МУ; ;ULML
ЛПО;Лодейное Поле; ;ЛЕ; ;ULSL
ЛОК;Локосово; ;ТЮ; ; 
ЛЮГ;Лонг-Юган; ;ТЮ; ;USML
ЛПТ;Лопатково; ;СД; ; 
ЛПХ;Лопхари; ;ТЮ; ; 
ЛШГ;Лопшеньга; ;АГ; ;ULBL
ЛОР;Лорино; ;МГ; ; 
ЛБС;Лосиноборск; ;КЯ; ;UNJZ
ЛГТ;Луговатка; ;КЯ; ;UNJL
ЛГВ;Луговой; ;ТЮ; ;USHL
ЛУМ;Лукмос; ;РЯ; ; 
ЛУХ;Лух; ;ИВ; ;UUBH
ЛХТ;Луховицы; ;МС; ;UUMT
ЛЧГ;Лучегорск; ;ПР; ; 
ЛЫС;Лысьва; ;ПМ; ;USPL
ЛКА;Львовка; ;ТЯ; ; 
ЛОГ;Льгов; ;КУ; ; 
ЛЮН;Любань [СЗУ]; ;ЛЕ; ; 
ЛБМ;Любим; ;ЯР; ; 
ЛТИ;Любытино; ;НГ; ; 
ЛЮД;Людиново; ;КЖ; ; 
ЛЮП;Люк-Пай; ;ТЮ; ; 
ЛЯМ;Лямино; ;ТЮ; ; 
МДН;Магадан;Magadan;МГ;GDX; 
МГН;Маган; ;СФ; ;UEMM
МДЧ;Магдагачи;Magdagachi;АУ;GDG;UHBI
МГС;Магнитогорск;Magnitogorsk;ЧЛ;MQF;USCM
МОД;Мадаево; ;НЖ; ; 
МКП;Майкоп; ;АЫ; ;URKM
МЙС;Майск; ;ТЯ; ; 
МКЙ;Майский; ;АЙ; ; 
МЙК;Майский [ДВУ]; ;АУ; ;UHBM
МЙЙ;Майский [СВУ]; ;ЧА; ; 
МЙЕ;Майское; ;КЯ; ;UNJJ
МАК;Макарьев; ;КФ; ; 
МКЗ;Макзыр; ;ТЯ; ; 
МАВ;Маковское; ;КЯ; ;UNJI
МКИ;Максимовка; ;ПР; ; 
МБЧ;Малая Бича; ;ОЯ; ; 
МЛМ;Малая Кема; ;ПР; ; 
МЛН;Малиновка; ;ТЯ; ; 
МЛБ;Малка; ;КЧ; ;UHPR
МАЛ;Малмыж; ;КП; ; 
МЛЛ;Малый Атлым; ;ТЮ; ; 
МАМ;Мама; ;ИР; ;UIKM
МАШ;Мамадыш; ;ТГ; ; 
ММУ;Мамакан; ;ИР; ; 
МНЗ;Манзя; ;КЯ; ;UNJK
МИЛ;Манилы; ;КЧ; ; 
МАН;Мантурово; ;КФ; ; 
МРЛ;Марево; ;НГ; ;ULNM
МРЦ;Мариец; ;МИ; ; 
МИИ;Мариинск; ;КЗ; ; 
МРН;Мариинское; ;ХБ; ;UHNM
МИТ;Мари-Турек; ;МИ; ; 
МКО;Марково; ;ЧА; ;UHMO
МРК;Марково [УГЦ]; ;ИВ; ; 
МРП;Маркс; ;СГ; ; 
МКЛ;Мар-Кюель; ;СФ; ;UHNK
МТЫ;Мартыново; ;ИР; ; 
МХЯ;Марха; ;СФ; ; 
МЬН;Марьино; ;МИ; ; 
МЛЯ;Маслянино; ;НБ; ; 
МВК;Матвеевка; ;ОБ; ; 
МХЛ;Махачкала;Makhachkala;ДГ;MCX;URML
МАЧ;Мача; ;СФ; ; 
МШВ;Машаковка; ;КЯ; ;UNJM
МГИ;Мглин; ;БН; ; 
МЕГ;Мегион; ;ТЮ; ; 
МВЖ;Медвежка; ;КИ; ; 
МДЖ;Медвежье; ;ТЮ; ;USMD
МЕД;Медногорск; ;ОБ; ; 
МЖД;Междуреченск; ;КЗ; ; 
МДК;Междуречье; ;ТЮ; ;USHM
МЖВ;Межовка; ;НБ; ; 
МЗН;Мезень; ;АГ; ;ULAE
МЕЙ;Мейныпильгыно; ;ЧА; ; 
МЛХ;Мелехово; ;ВЛ; ; 
МЛЧ;Мельничное; ;ПР; ; 
МЗА;Менза; ;ЧТ; ; 
МЕК;Мензелинск; ;ТГ; ;UWKP
МЕШ;Мещура; ;КИ; ; 
МИЬ;Микунь; ;КИ; ;UURM
МЛР;Миллерово; ;РД; ;URRI
МЛК;Мильково; ;КЧ; ;UHPM
МРВ;Минеральные Воды;Mineralnye Vody;СП;MRV;URMM
МНУ;Минусинск; ;КЯ; ;UNAM
МИР;Мирный;Mirnyj;СФ;MJZ;UERR
МИО;Мироново; ;ИР; ; 
МГА;Мирюга; ;КЯ; ; 
МТФ;Митрофаново; ;КИ; ; 
МХЙ;Михайловка; ;АЛ; ; 
МГЧ;Могоча; ;ЧТ; ;UIAM
МЖН;Молодежный; ;ТЯ; ; 
МЛО;Молоково; ;ТИ; ; 
МОЧ;Молчаново; ;ТЯ; ;UNLO
МОМ;Мома; ;СФ; ;UEMA
МРЩ;Монастырщина; ;СЛ; ; 
МОЗ;Морозовск; ;РД; ;URRM
МВЛ;Мосеево; ;АГ; ; 
МОВ;Москва;Moscow;МВ;MOW; 
МСЙ;Мостовской; ;КД; ; 
МТГ;Мотыгино; ;КЯ; ;UNIM
МОЮ;МОЮ - код для пультов Сирены-2; ; ; ; 
МСУ;Мрас-Су; ;КЗ; ; 
МСЫ;Мугур-Аксы; ;ТУ; ; 
МУЖ;Мужи; ;ТЮ; ; 
МДУ;Мундуйское; ; ; ;UOTM
МУН;Мурманск;Murmansk;МУ;MMK;ULMM
МУР;Муром; ;ВЛ; ; 
МЦЕ;Муромцево; ;ОЯ; ; 
МУС;Муслюмово; ;ТГ; ;UWKO
МЙМ;Мутный Материк; ;КИ; ; 
МРЙ;Муторай; ;КЯ; ;UNHM
МУХ;Мухен; ;ХБ; ; 
МУЯ;Муя; ;ИР; ; 
МЫЛ;Мыльджино; ;ТЯ; ; 
МКМ;Мыс Каменный; ;ТЮ; ;USDK
МКЫ;Мыс Косистый; ;КЯ; ;UOHK
ПИЦ;Мыс Пицунда; ;КД; ; 
ЧЛЮ;Мыс Челюскин; ;КЯ; ;UODL
МШД;Мыс Шмидта; ;ЧА; ;UHMI
МЫШ;Мышкин; ;ЯР; ;UUMN
МЧК;Мячково; ;МС; ;UUBM
НЖЧ;Набережные Челны;Nabereznye Chelny;ТГ;NBC; 
НГС;Нагорск; ;КП; ;USPN
НДМ;Надым;Nadym;ТЮ;NYM;USMM
НАЗ;Назарово; ;КЯ; ;УНЯН
НЗВ;Назимово; ;КЯ; ;UNJN
ИНШ;Назрань; ;ИН; ;URMS
НБА;Найба; ;СФ; ; 
НКЫ;Наканно; ;ИР; ; 
НЧК;Нальчик;Nalchik;КБ;NAL;URMN
НАМ;Намск; ;КИ; ; 
НМЫ;Намы; ;СФ; ; 
НПО;Напалково; ;ТЮ; ;USDN
НПС;Напас; ;ТЯ; ; 
НЙВ;Наратай; ;ИР; ;UIBN
НУК;Наруксово; ;НЖ; ; 
НЫЫ;Нарыкары; ;ТЮ; ; 
ННР;Нарьян-Мар;Naryan-Mar;АГ;NNM;ULAM
НХД;Находка; ;ПР; ; 
НГТ;Неготка; ;ТЯ; ; 
НЕД;Недокура; ;КЯ; ;UNHN
НВШ;Нейво-Шайтанский; ;СД; ; 
НЛН;Нелькан; ;ХБ; ;UHNX
НЛА;Нелькан [ЯКТ]; ;СФ; ; 
НЕП;Непа; ;ИР; ;UIKN
НИЦ;Нерица; ;КИ; ; 
НЗР;Нерха; ;ИР; ; 
НЕЧ;Нерчинск; ;ЧТ; ;UIAN
НЗА;Нерчинский Завод; ;ЧТ; ; 
НРГ;Нерюнгри;Neryungri;СФ;NER;UELL
НЕС;Несь; ;АГ; ;ULJN
НФК;Нефтекамск;Neftekamsk;БШ;NEF;UWUF
НФУ;Нефтекумск; ;СП; ; 
НЮГ;Нефтеюганск;Nefteyugansk;ТЮ;NFG;USRN
НХВ;Нехаевский; ;ВГ; ; 
НЕШ;Нешкан; ;ЧА; ; 
НЖГ;Нижнеангарск; ;БР; ;UIUN
НЖВ;Нижневартовск;Nizhnevartovsk;ТЮ;NJC;USNN
НЖК;Нижнекамск; ;ТГ; ;UWKE
НЖБ;Нижнетамбовское; ;ХБ; ; 
НЖД;Нижнеудинск; ;ИР; ;UINN
НЖШ;Нижнешадрино; ;КЯ; ; 
НЖЯ;Нижнеянск; ;СФ; ;UEBN
НЖП;Нижние Промги; ;ХБ; ; 
НЛО;Нижний Ломов; ;ПЗ; ; 
НЖС;Нижний Новгород;Nizhniy Novgorod;НЖ;GOJ;UWGG
НЖТ;Нижний Тагил; ;СД; ; 
НЧИ;Нижний Чир; ;ВГ; ; 
НЯВ;Нижняя Вочь; ;КИ; ; 
НПШ;Нижняя Пеша; ;АГ; ;ULAV
НИТ;Нижняя Тавда; ;ТЮ; ;USTN
НКЬ;Никель; ;МУ; ;ULMI
НИА;Николаевка; ; ; ; 
НЛК;Николаевск-На-Амуре; ;ХБ; ;UHNN
НЛЬ;Никольск [ПРУ]; ;СБ; ; 
НКО;Никольск [СЗУ]; ;ВЯ; ;ULWN
НИК;Никольское; ;КЧ; ;UHPX
НАЯ;Новая; ;КЯ; ;UOHN
НИГ;Новая Игирма; ;ИР; ; 
НГК;Новоаганск; ;ТЮ; ; 
НАГ;Ново-Ангарск; ;КЯ; ;UNIN
НБЛ;Новобелокатай; ;БШ; ; 
НБИ;Новобирилюссы; ;КЯ; ;УНЯЛ
НБУ;Новобурейский; ;АУ; ; 
НВК;Новокузнецк;Novokuznetsk;КЗ;NOZ;UNWW
НКУ;Ново-Кулаково; ;КЯ; ;UNJO
НУВ;Новокуровка; ;ХБ; ; 
НВМ;Новомосковск; ;ТЛ; ; 
НПР;Новопокровка; ;ПР; ; 
НВР;Новороссийск;Novorossijsk;КД;NOI;URKN
НРЫ;Новорыбное; ;КЯ; ;UOHR
НСЛ;Новоселово [КРС]; ;КЯ; ; 
НВС;Новоселово [УРЛ]; ;СД; ; 
ОВБ;Новосибирск;Novosibirsk;НБ; ; 
НСИ;Новосиль; ;ОЛ; ; 
НСП;Новоспасское; ;УЛ; ; 
НРЦ;Новотроицкое; ;НЖ; ; 
НУЗ;Новоузенск; ;СГ; ; 
НЧП;Ново-Чаплино; ;ЧА; ; 
НШШ;Новошешминск; ;ТГ; ; 
НЯР;Ново-Ярцево; ;КЯ; ; 
НБЫ;Новые Бурасы; ;СГ; ; 
НЛГ;Новые Лангры; ;СЯ; ; 
НАШ;Новый Анаш; ; ; ; 
НОР;Новый Бор; ;КИ; ;UUYN
НЫВ;Новый Васюган; ;ТЯ; ;UNLW
НГД;Новый Городок; ;КЯ; ;UNJR
НПТ;Новый Порт; ;ТЮ; ;USDW
НТЗ;Новый Тевриз; ;ТЯ; ; 
НУР;Новый Уренгой;Novy Urengoy;ТЮ;NUX;USMU
НОГ;Ногинск; ;КЯ; ;UOTN
НГЛ;Ноглики; ;СЯ; ;UHSN
НБР;Нонбург; ;КИ; ; 
НРЯ;Нори; ;ТЮ; ; 
НРС;Норильск;Norilsk;КЯ;NSK; 
НСФ;Носок; ;КЯ; ;UOOS
НОЯ;Ноябрьск;Nojabrxsk;ТЮ;NOJ;USRO
НУМ;Нумто; ;ТЮ; ; 
НУГ;Нунлигран; ;ЧА; ; 
НРТ;Нурлат; ;ТГ; ;UWWL
НУТ;Нутепельмен; ;ЧА; ; 
НЫД;Ныда; ;ТЮ; ;USMA
НРБ;Ныроб; ;ПМ; ;USPO
НЮК;Нюксеница; ;ВЯ; ;ULWS
НЮМ;Нюмыд; ;КИ; ; 
НЮР;Нюрба; ;СФ; ;UENN
НЮХ;Нюхча; ;АГ; ; 
НЯГ;Нягань; ;ТЮ; ;USHN
НЯК;Няксимволь; ;ТЮ; ; 
НЯЛ;Нялино; ;ТЮ; ; 
НЯШ;Няшабож; ;КИ; ; 
ОВЛ;О Врангеля; ;МГ; ; 
ОБЧ;Обьячево; ;КИ; ; 
ОВГ;Овгорт; ;ТЮ; ; 
ОГО;Огоджа; ;АУ; ; 
ОЕЙ;Оз. Ессей; ;КЯ; ; 
ОЗР;Озерная; ;КЧ; ;УХПЮ
ОКЛ;Озерные Ключи; ;ПР; ; 
ОЗЙ;Озерный; ;ИР; ; 
ОЗЧ;Озинки; ;СГ; ; 
ОМК;Оймякон; ;СФ; ;UEMJ
ОКА;Ока; ;БР; ; 
ОЛД;Оклан; ;КЧ; ; 
ОКИ;Оксино; ;АГ; ;ULEO
ОЯБ;Октябрьск; ;ИР; ; 
ОБР;Октябрьский [АРХ]; ;АГ; ; 
ОКТ;Октябрьский [БАЛ];Oktiabrskij;БШ;OKT;UWUK
ОБК;Октябрьский [ДВУ]; ;АУ; ;UHBO
ОТЯ;Октябрьское; ;ТЮ; ;USHO
ОКУ;Окуловка; ;НГ; ; 
ОУН;Окунево; ;КИ; ; 
ОЛК;Олекминск; ;СФ; ;UEMO
ОЛМ;Олема; ;АГ; ;ULJO
ОЛН;Оленек; ;СФ; ;UERO
ОЛЬ;Ольга; ;ПР; ; 
ОЬХ;Ольховка; ;ПМ; ; 
ОМА;Ома; ;АГ; ;ULJM
ООЛ;Омолон; ;ЧА; ;UHMN
ОМС;Омск;Omsk;ОЯ;OMS;UNOO
ОСУ;Омсукчан; ;МГ; ;UHMF
ОНА;Онега; ;АГ; ;ULAO
ОЖК;Орджоникидзе; ;КЯ; ; 
ОЕЛ;Орел;Orel;ОЛ;OEL;UUOR
ОЧЛ;Орель Чля; ;ХБ; ; 
ОНГ;Оренбург;Orenburg;ОБ;REN;UWOO
ОРЛ;Орлик; ;БР; ; 
ОЛГ;Орлинга; ;ИР; ; 
ОСК;Орск;Orsk;ОБ;OSW;UWOR
ОРТ;Орто-Нахара; ;СФ; ; 
ОСА;Оса; ;ИР; ; 
ОМЫ;Осиновый Мыс; ;КЯ; ;UNJS
ОСИ;Осипово; ;ТЯ; ; 
ОКБ;Оскоба; ;КЯ; ; 
ОСО;Оссора; ;КЧ; ;UHPD
ЧЧН;Остров Чечень; ;ДГ; ; 
ОСГ;Островное; ;ЧА; ; 
ОЦЫ;Островцы; ;ПС; ; 
ОСЬ;Оськино; ;ИР; ; 
ОСЯ;Осяткино; ;АГ; ; 
ОТД;Отрадная; ;КД; ; 
ОТЖ;Отрожное; ;ЧА; ; 
ОХА;Оха; ;СЯ; ;UHSH
ОХТ;Охотск;Okhotsk;ХБ;OHO;UHOO
ОХЬ;Охтеурье; ;ТЮ; ; 
ОША;Ошарово; ;КЯ; ; 
ПВВ;Павловск; ;ВЖ; ; 
ПАН;Палана; ;КЧ; ;UHPL
ПЛС;Палласовка; ;ВГ; ; 
ПАЛ;Пальяново; ;ТЮ; ; 
ПНЕ;Панаевск; ;ТЮ; ; 
ПШХ;Панкрушиха; ;АЛ; ; 
ПРБ;Парабель; ;ТЯ; ;UNLP
ПАГ;Параньга; ;МИ; ; 
ПБГ;Парбиг; ;ТЯ; ; 
ПАЕ;Парень; ;КЧ; ; 
ПАЧ;Пахачи; ;КЧ; ;UHPA
ПЕВ;Певек;Pevek;ЧА;PWE;UHMP
ПЛД;Пеледуй; ;СФ; ; 
ПНА;Пенза;Penza;ПЗ;PEZ;UWPP
ПВР;Первомайка; ;ТЮ; ; 
ПРС;Первомайск [ВСУ]; ;ЧТ; ; 
ПВС;Первомайск [КРС]; ;КЯ; ;UNIG
ПКЙ;Первомайский; ;ОБ; ; 
ПВН;Перевесинка; ; ; ;UWSR
ПВЗ;Перевоз; ;ИР; ; 
ПГЕ;Перегребное; ;ТЮ; ; 
ПЕЛ;Перелюб; ;СГ; ;UWWA
ПРМ;Пермь;Perm;ПМ;PEE; 
ПТК;Пертоминск; ;АГ; ; 
ПТВ;Пестово; ;НГ; ; 
ПЕТ;Петровск; ;СГ; ; 
ПТЗ;Петрозаводск;Petrozavodsk;КЛ;PES; 
ПРП;Петропавловка [ВСУ]; ;БР; ; 
ПРЛ;Петропавловск-Камчатский;Petropavlovsk-Kamchatsky;КЧ;PKC;UHPP
ППВ;Петропавловское; ;АЛ; ; 
ПРУ;Петрунь; ;КИ; ; 
ПЧР;Печора;Pechora;КИ;PEX;UUYP
ПИЖ;Пижанка; ;КП; ; 
ПИЛ;Пильва; ;ПМ; ; 
ПНГ;Пинега; ;АГ; ;ULAI
ПИН;Пионерный; ;ТЯ; ;UNSP
ПНС;Пионерский; ;ТЮ; ; 
ПРЙ;Пиринемь; ;АГ; ; 
ПИР;Пировское; ;КЯ; ;UNIO
ПГО;Пит-Городок; ;КЯ; ;UNID
ПТЕ;Пителино; ;РЯ; ; 
ПИЕ;Питерка; ;СГ; ; 
ПТЛ;Питляр; ;ТЮ; ; 
ПХВ;Пихтовка; ;НБ; ; 
ПАС;Пласт; ;ЧЛ; ; 
ПЛА;Пластун; ;ПР; ;UHWP
ПБЕ;Победа; ;ХБ; ;UHHJ
ПГР;Погар; ;БН; ; 
ПНЧ;Пограничный; ;ПР; ; 
ПГЫ;Погындино; ;ЧА; ; 
ПДЛ;Подволошино; ;ИР; ; 
ПОД;Подгорное; ;ТЯ; ; 
ПТС;Подкаменная Тунгуска; ;КЯ; ;UNIP
ПДС;Подтесово; ;КЯ; ; 
ПОЖ;Пожва; ;ПМ; ; 
ПОЙ;Пойковский; ;ТЮ; ; 
ПКВ;Покровск; ;СФ; ; 
ПУР;Покур; ;ТЮ; ; 
ПГУ;Полигус; ;КЯ; ;UNJP
ПОС;Полины Осипенко; ;ХБ; ;UHHP
ПЛН;Полноват; ;ТЮ; ; 
ПЛР;Полярный [СВУ]; ;ЧА; ; 
ПЛЯ;Полярный [ЯКТ];Polyarnyj;СФ;PYJ;UERP
ПНЛ;Понил; ;СД; ; 
ПНР;Пономаревка [ЗСУ]; ;НБ; ; 
ПМР;Пономаревка [ПРУ]; ;ОБ; ; 
ПАЙ;Поронайск; ;СЯ; ; 
ПОА;Потапово; ;КЯ; ;UOOB
ПРЕ;Предивинск; ;КЯ; ; 
ПЖЕ;Преображение; ;ПР; ; 
ПКА;Преображенка [КИРЕНСК]; ;ИР; ;UIKP
ПБЖ;Преображенка [ЧИТА]; ;ЧТ; ; 
ПОЯ;Претория; ;ОБ; ; 
ПРГ;Приаргунск; ;ЧТ; ;UIAP
ПБЙ;Прибойный; ;ИР; ; 
ПАХ;Приморско-Ахтарск; ;КД; ; 
ППО;Приполярный; ;ТЮ; ; 
ПРТ;Приуральский; ;КИ; ; 
ПУЛ;Приуральское; ;КИ; ; 
ПРО;Прокопьевск; ;КЗ; ; 
ПРН;Проспихино; ;КЯ; ; 
ПСБ;Псебай; ;КД; ; 
ПСК;Псков;Pskov;ПС;PKV;ULOO
ПГЧ;Пугачев; ;СГ; ;UWSP
ПУГ;Пуг-Юг; ;ТЮ; ; 
ПДН;Пудино; ;ТЯ; ; 
ПДЖ;Пудож; ;КЛ; ;ULPA
ПУИ;Пуир; ;ХБ; ; 
ПКС;Пуксинка; ;СД; ; 
ПУМ;Пурнема; ;АГ; ; 
ПУО;Пуровск; ;ТЮ; ; 
ПЧЖ;Пучеж; ;ИВ; ; 
ПЧГ;Пучуга; ;АГ; ; 
ПШК;Пушкино [ПРУ]; ; ; ; 
ПШГ;Пушкинские Горы; ;ПС; ; 
ПЫР;Пырьях; ;ТЮ; ; 
ПЫС;Пысса; ;КИ; ; 
ПЯМ;Пяльма; ;КЛ; ; 
ПТГ;Пятигорск; ;СП; ;URMP
РЩВ;Радищево; ;УЛ; ; 
РАД;Радужный;Raduzhnyi;ТЮ;RAT;USNR
РЗД;Раздольное; ; ; ; 
РЧХ;Райчихинск; ;АУ; ; 
РНЦ;Раменское; ;МС; ;UUBW
РКД;Раскильдино; ;ЧУ; ; 
РСУ;Рассвет; ; ; ; 
РСЯ;Рассоха; ;МГ; ; 
РХИ;Рассохи; ;АГ; ; 
РМД;Ремда; ;ПС; ; 
РЕМ;Ремонтное; ;РД; ;URRE
УЧН;Реткучи; ;ЧА; ; 
РНЬ;Ровеньки; ;БГ; ; 
РОД;Родина; ; ; ; 
РДН;Родино; ;АЛ; ; 
РОЖ;Рожково; ;КЯ; ; 
РЛЮ;Роза Люксембург; ; ; ; 
РМЯ;Роман; ; ; ; 
РМУ;Романовка [ВСУ]; ;БР; ; 
РМФ;Романовка [КРС]; ;КЯ; ; 
РМН;Романовка [ПРУ]; ;СГ; ; 
РМЗ;Романово; ;АЛ; ; 
РМЮ;Романовская; ;РД; ; 
РМЫ;Ромны; ;АУ; ; 
РОТ;Рослятино; ;ВЯ; ; 
РСШ;Россошь; ;ВЖ; ; 
РОВ;Ростов-на-Дону;Rostov;РД;ROV;URRR
РТЛ;Ротислово; ; ; ; 
РОЧ;Рочегда; ;АГ; ; 
РОЩ;Рощино; ;ПР; ; 
РУБ;Рубино; ;КЯ; ; 
РБЦ;Рубцовск; ;АЛ; ;UNBR
РДГ;Рудногорск; ;ИР; ; 
РУД;Рудня; ;ВГ; ; 
РУС;Русиново; ;ПМ; ; 
РШО;Русские Шои; ;МИ; ; 
РУК;Русскинские; ;ТЮ; ; 
РУЧ;Ручьи; ;ПС; ;ULBR
РЧИ;Ручьи [АРХ]; ;АГ; ; 
РБН;Рыбинск;Rybinsk;ЯР;RYB;UUBK
РЫК;Рыбновск; ;СЯ; ; 
РЫН;Рыбное; ;КЯ; ; 
РЗН;Рязань;Ryazan;РЯ;RZN; 
СБТ;Сабетта; ;ТЮ; ;USDA
СЖН;Сажино; ;СД; ; 
СКЫ;Саккырыр; ;СФ; ;UEBS
СЛЛ;Салемал; ;ТЮ; ; 
СХД;Салехард;Salehard;ТЮ;SLY;USDD
СЛЭ;Салта; ;ДГ; ; 
СЫК;Салтымаково; ;КЗ; ; 
СЛК;Сальск; ;РД; ;URRS
СМШ;Самара;Samara;СБ;KUF; 
СМГ;Самарга; ;ПР; ; 
СЛА;Самолва; ;ПС; ; 
САГ;Сангар; ;СФ; ;UEMS
СДА;Сандакчес; ; ; ;UNHS
СНД;Сандово; ;ТИ; ; 
СПТ;Санкт-Петербург;St.Petersburg;СТ;LED; 
СЧК;Санчурск; ;КП; ; 
СЯХ;Саныяхтах; ;СФ; ; 
СОЖ;Сапожок; ;РЯ; ; 
САИ;Сараи; ;РЯ; ; 
СНП;Саранпауль; ;ТЮ; ;USHA
СРН;Саранск;Saransk;МД;SKX;UWPS
САП;Сарапул; ;УД; ; 
СРО;Саратов;Saratov;СГ;RTW;UWSS
САЫ;Сарманово; ;ТГ; ;UWKR
СГП;Сарыг-Сеп; ;ТУ; ;UNYE
СЫХ;Саскылах; ;СФ; ;UERS
СОУ;Сасово; ;РЯ; ;UUBG
САС;Сасыр; ;СФ; ; 
СФА;Сафакулево; ;КЭ; ; 
СФН;Сафоново; ;АГ; ; 
СФО;Сафоново [УГЦ]; ;СЛ; ; 
СГР;Саяногорск; ;ХЯ; ;UNAS
СЕЯ;Светлая; ;ПР; ; 
СВЦ;Светлица; ;ПМ; ; 
СЕГ;Светлогорск; ;КЯ; ;UOIG
СЛЙ;Светлый [ПРУ]; ;ОБ; ; 
СВЙ;Светлый [ТЮМ]; ;ТЮ; ; 
СВБ;Свободный; ;АУ; ;UHBS
СРЗ;Северное; ;НБ; ;UNNS
СВН;Северный; ;АГ; ; 
СРЖ;Северный Аржан; ;КЯ; ;UNYS
СВД;Северодвинск; ;АГ; ;ULAD
СЕН;Северо-Енисейск; ;КЯ; ;UNIS
СВМ;Северомуйск; ;БР; ; 
СВУ;Североуральск; ;СД; ;USSE
СВЕ;Северо-Эвенск; ;МГ; ;UHMW
СЕИ;Северск; ;ТЯ; ; 
СГЖ;Сегежа; ;КЛ; ;ULPS
СДВ;Седельниково; ;ОЯ; ; 
СЙВ;Сейва; ;ПМ; ; 
СМЧ;Сеймчан; ;МГ; ;UHMS
СЯР;Селиярово; ;ТЮ; ; 
СЕФ;Серафимович; ;ВГ; ; 
СРГ;Сергеевка; ; ; ;UHWS
СГВ;Сергеево; ;КЯ; ; 
СГН;Сергино; ;ТЮ; ; 
СБН;Серебрянка; ;ПМ; ; 
СРВ;Серов; ;СД; ; 
СЯА;Сеяха; ;ТЮ; ;USDE
СИБ;Сибай; ;БШ; ;UWUA
СБИ;Сибирский; ;ТЮ; ; 
СИЙ;Сиверский; ;ЛЕ; ;ULLS
СИЗ;Сизим; ;ТУ; ; 
СИХ;Сиктях; ;СФ; ; 
СНГ;Синегорье; ;МГ; ;УХМЯ
СИЕ;Синегорье [КОМ]; ;КИ; ; 
СНЦ;Синицкая; ;АГ; ; 
СИК;Сиреники; ;ЧА; ; 
СИР;Сиротинская; ;ВГ; ; 
СКП;Скопин; ;РЯ; ; 
САЦ;Сланцы; ;ЛЕ; ; 
СЛУ;Слаутное; ;КЧ; ;UHPQ
СМЛ;Смоленск;Smolensk;СЛ;LNX;UUBS
СНЖ;Снежногорск; ;КЯ; ;UOIS
СЖЕ;Снежное; ;ЧА; ; 
СОП;Снопа; ;АГ; ;ULJS
СБО;Соболево; ;КЧ; ;UHPS
СВТ;Советск; ;КП; ;USKS
СВЬ;Советская; ; ; ; 
СОГ;Советская Гавань; ;ХБ; ;UHKM
СРЧ;Советская Речка; ;КЯ; ;UOTR
СОЙ;Советский; ;ТЮ; ;USHS
СПЕ;Совполье; ;АГ; ;ULBS
СГО;Согом; ;ТЮ; ; 
СЙГ;Сойга; ;АГ; ; 
СЙИ;Сойгино; ;ЧУ; ; 
СЛВ;Соколово; ;КИ; ; 
СЬЕ;Сокольское; ;ИВ; ; 
СГЧ;Солигалич; ;КФ; ; 
СОМ;Соликамск; ;ПМ; ; 
СОН;Солнечный; ;СФ; ;UEML
СЛЦ;Солнцево; ;КУ; ;UUWS
СОИ;Соловки; ;АГ; ; 
СЛШ;Солонешное; ;АЛ; ; 
СЛЬ;Сольвычегодск; ;АГ; ; 
СМО;Сомово; ;ВЖ; ; 
СПЧ;Сопочное; ;КЯ; ;UOHP
СРЛ;Сортавала; ;КЛ; ;ULPW
СРУ;Сорум; ;ТЮ; ; 
СНЛ;Сосновка; ;МУ; ; 
СВЗ;Сосново-Озерское; ;БР; ; 
СБР;Сосновый Бор; ;ТЮ; ; 
СЬВ;Сосьва [ТЮМ]; ;ТЮ; ; 
ССВ;Сосьва [УРЛ]; ;СД; ;USSX
СФК;Софийск; ;ХБ; ; 
СОЧ;Сочи;Sochi;КД;AER;URSS
СОЯ;Сояна; ;АГ; ; 
СПД;Спасск-Дальний; ;ПР; ; 
СРМ;Среднеколымск; ;СФ; ;UESK
СПХ;Средние Пахачи; ;КЧ; ; 
СДЙ;Средний; ;КЯ; ;UODS
СВЮ;Средний Васюган; ;ТЯ; ;UNLM
СРК;Средний Калар; ;ЧТ; ; 
СРТ;Сретенск; ;ЧТ; ; 
СТВ;Ставрополь;Stavropol;СП;STW;URMT
СДУ;Стадухино; ;ЧА; ; 
СКЛ;Старая Кулатка; ;УЛ; ; 
РСИ;Старая Русса; ;НГ; ;ULNR
СТЦ;Старица; ;ТЯ; ; 
ССБ;Старосубхангулово; ;БШ; ; 
САУ;Старотуруханск; ; ; ;UOTS
САБ;Старые Айбеси; ;ЧУ; ; 
СТН;Старый Надым; ;ТЮ; ; 
СОЛ;Старый Оскол; ;БГ; ;UUOS
СПН;Степановка; ;ТЯ; ; 
СТМ;Стерлитамак; ;БШ; ;UWUS
СТЙ;Стойба; ;АУ; ; 
СТЖ;Стрежевой;Strezhewoi;ТЯ;SWT;UNSS
СЛЯ;Стрелка; ;КЯ; ;UNIX
СЧУ;Стрелка-Чуня; ; ; ;UNJT
СУЗ;Сузун; ;НБ; ; 
СУГ;Суйга; ;ТЯ; ; 
САЙ;Суломай; ;КЯ; ;UNJU
СЦА;Сульца; ;АГ; ; 
СУФ;Сумароково; ; ; ;UNJF
СУН;Сунтар; ;СФ; ;UENS
СУА;Сура; ;АГ; ; 
СУР;Сургут;Surgut;ТЮ;SGC;USRR
СГХ;Сургутиха; ;КЯ; ;UOTH
СУХ;Суриково; ;КЯ; ;UNKH
СДР;Суринда; ;КЯ; ; 
СУС;Сусанино; ;ХБ; ; 
ССМ;Сусуман; ;МГ; ;UHMH
СХФ;Суханово; ;КЯ; ;UNJH
СХП;Суходол; ;СБ; ; 
СХЛ;Сухой Лог; ;СД; ; 
СЫВ;Сыктывкар;Syktyvkar;КИ;SCW;UUYY
СЫМ;Сым; ;КЯ; ;UNJY
СДН;Сындасско; ;КЯ; ;UOHS
СЫН;Сынзас; ;КЗ; ; 
СЫТ;Сытомино; ;ТЮ; ; 
СЮД;Сюльдюкар; ;СФ; ; 
СЯВ;Сява; ;НЖ; ; 
ТБР;Таборы; ;СД; ;USTW
ТВД;Тавда; ;СД; ;USSW
ТАГ;Таганрог; ;РД; ;URRT
ТАЖ;Таежный [ДВУ]; ;ПР; ; 
ТЖН;Таежный [КРС]; ;КЯ; ;UNHV
ТЗВ;Тазовский; ;ТЮ; ;USDT
ТМЛ;Таймылыр; ;СФ; ;UETT
ТШТ;Тайшет; ;ИР; ; 
ТИО;Таксимо; ;БР; ;UIIL
ТАЯ;Таловая; ;ВЖ; ; 
ТЛО;Таловка; ;КЧ; ;УХПЯ
ТОЛ;Талон; ;КЗ; ; 
ТАМ;Тамала; ;ПЗ; ; 
ТМБ;Тамбов;Tambov;ТБ;TBW;UUOT
ТАР;Тара; ;ОЯ; ;UNOT
ТКС;Тарко-Сале; ;ТЮ; ;USDS
ТГУ;Тарнога; ;ВЯ; ;ULWG
ТРЭ;Тархово; ;КЯ; ; 
ТЦЕ;Тасеево; ;КЯ; ;УНЯТ
ТЮР;Таскюрях; ;СФ; ; 
ТХД;Тахта; ;ХБ; ; 
ТАХ;Тахтамыгда; ;АУ; ; 
ТХЯ;Тахтоямск; ;МГ; ; 
ТШЛ;Ташла; ; ; ; 
ТШГ;Таштагол; ;КЗ; ; 
ТЫП;Таштып; ;КЯ; ; 
ТРЬ;Тверь; ;ТИ; ;UUBN
ТВЗ;Тевриз; ;ОЯ; ;UNOW
ТЛД;Тегульдет; ;ТЯ; ; 
ТЕМ;Темников; ;МД; ; 
ТМП;Темп; ;СФ; ; 
ТМР;Темрюк; ;АЫ; ; 
ТЕК;Тенкели; ;СФ; ;UEBE
ТЕН;Теньгушево; ;МД; ; 
ТРБ;Тербуны; ;ЛП; ; 
ТЕЙ;Терней; ;ПР; ;UHWT
ТТШ;Тетюши; ;ТГ; ; 
ТИГ;Тигиль; ;КЧ; ;UHPG
ТСИ;Тикси;Tiksi;СФ;IKS;UEST
ТИЛ;Тиличики; ;КЧ; ;UHPT
ТИН;Тиман; ;КИ; ;UURT
ТИС;Тисуль; ;КЗ; ; 
ТИТ;Тит-Ары; ;СФ; ; 
ТИХ;Тихвин; ;ЛЕ; ;ULST
ТХЦ;Тихорецк; ;КД; ;URKT
ТКП;ТКП [пульты Сирена-2 ТКП]; ; ; ; 
ТЯР;Тлярата; ;ДГ; ; 
ТБЛ;Тобольск;Tobolsk;ТЮ;TOX;USTO
ТБД;Тобседа; ;АГ; ; 
ТОД;Тоджа; ;ТУ; ;UNYT
ТМЭ;Токма; ;ИР; ;UIKT
ТНЯ;Толон; ;СФ; ; 
ТЬК;Толька; ;ТЮ; ;USDO
ТТТ;Тольятти; ;СБ; ;UWWT
ТМЯ;Томмот; ;СФ; ; 
ТСК;Томск;Tomsk;ТЯ;TOF;UNTT
ТОН;Тонкино; ;НЖ; ; 
ТГР;Торго; ;СФ; ; 
ТОТ;Тотьма; ;ВЯ; ; 
ТШВ;Тошвиска; ;АГ; ; 
ТРЦ;Троицкое; ;ХБ; ;UHHO
ТЦП;Троицко-Печорск; ;КИ; ;UUYR
ТЧВ;Трубчевск; ;БН; ; 
ТУВ;Трусово; ;КИ; ; 
ТРФ;Труфаногоры; ;АГ; ; 
ТУП;Туапсе; ;КД; ; 
ТГМ;Тугулым; ;СД; ; 
ТУУ;Тугур; ;ХБ; ;UHNT
ТУЛ;Тула;Tula;ТЛ;TYA;UUBT
ТЛУ;Тулун; ;ИР; ; 
ТГЧ;Тунгокочен; ;ЧТ; ; 
ТНГ;Тунгуска; ;ИР; ; 
ТПК;Тупик; ;ЧТ; ; 
ТАУ;Тура; ;КЯ; ;UNIT
ТУА;Туран; ;КЯ; ; 
ТУР;Туринск; ;СД; ;USST
ТУС;Туринская Слобода; ;СД; ; 
ТРИ;Турки; ;СГ; ; 
ТУЧ;Турочак; ;АЙ; ; 
ТУТ;Турукта; ;СФ; ; 
ТРХ;Туруханск; ;КЯ; ;UOTT
ТНЧ;Тутончаны; ;КЯ; ;UOTU
ТЫЛ;Тымлат; ;КЧ; ; 
ТЫМ;Тымск; ;ТЯ; ; 
ТЫД;Тында;Tynda;АУ;TYD;UHBW
ТВЬ;Тынкобь; ;ИР; ; 
ТЫР;Тыр; ;ХБ; ; 
ТНЗ;Тырныауз; ;КБ; ; 
ТЮМ;Тюмень;Tyumen;ТЮ;TJM;USTU
ТЮХ;Тюхтет; ;КЯ; ;УНЯХ
ТЯН;Тяня; ;СФ; ; 
УВТ;Уват; ;ТЮ; ;USTA
УГЧ;Углич; ;ЯР; ; 
УГУ;Угут; ;ТЮ; ; 
УДЧ;Удачный; ;СФ; ; 
УДС;Удское; ;ХБ; ; 
УЕГ;Уег; ;КИ; ; 
УЖУ;Ужур; ;КЯ; ; 
УЙС;Уйское; ;ЧЛ; ; 
УКТ;Уктус [БАЛ]; ;БШ; ; 
УЛЭ;Улан-Удэ;Ulan-Ude;БР;UUD;UIUU
УЛК;Ульяновск;Ulyanovsk;УЛ;ULY;UWLL
УМБ;Умба; ;МУ; ;ULMA
УРА;Урай;Uraj;ТЮ;URJ;USHU
УРО;Урдома; ;АГ; ;ULKM
УРГ;Уренгой; ;ТЮ; ;USDU
УРЕ;Урень; ;НЖ; ; 
УРЖ;Уржум; ;КП; ; 
УРК;Урлук; ;ЧТ; ; 
УРМ;Урманный; ;ТЮ; ; 
УЮП;Урюпинск; ;ВГ; ; 
УСН;Усинск;Usinsk;КИ;USK;UUYS
УСЦ;Усольцево; ;КЯ; ;UNHU
УСС;Уссурийск; ;ПР; ;UHWU
УАВ;Усть-Авам; ;КЯ; ;UOOA
УАН;Усть-Анзас; ;КЗ; ; 
УБГ;Усть-Баргузин; ;БР; ; 
УБЛ;Усть-Белая; ;ЧА; ; 
УШЦ;Усть-Большерецк; ;КЧ; ;UHPB
УВЯ;Усть-Выя; ;АГ; ; 
УТК;Усть-Илимск;Ust-Ilimsk;ИР;UIK;UIBS
УИЧ;Усть-Илыч; ;КИ; ; 
УТШ;Усть-Ишим; ;ОЯ; ;UNOI
УКЧ;Усть-Камчатск; ;КЧ; ;UHPK
УСР;Усть-Кара; ;АГ; ; 
УСГ;Усть-Каренга; ;ЧТ; ; 
УКА;Усть-Карск; ;ЧТ; ; 
УКО;Усть-Кокса; ;АЙ; ;UNBU
УТЕ;Усть-Коликъеган; ;ТЮ; ; 
УКУ;Усть-Куйга; ;СФ; ;UEBT
УСТ;Усть-Кулом; ;КИ; ;UUYT
УСК;Усть-Кут;Ust-Kut;ИР;UKX;UITT
УЛА;Усть-Лабинск; ;КД; ; 
УТЛ;Усть-Лыжа; ;КИ; ; 
УСМ;Усть-Мая; ;СФ; ;UEMU
УНМ;Усть-Нем; ;КИ; ;UUYE
УНР;Усть-Нера; ;СФ; ;UEMT
УОМ;Усть-Омчуг; ;МГ; ; 
УОР;Усть-Ордынский; ;ИР; ;UIIO
УПИ;Усть-Пит; ;КЯ; ;UNJC
УПТ;Усть-Порт; ;КЯ; ;UOOP
УСБ;Усть-Соболевка; ;ПР; ; 
УТЯ;Усть-Тарея; ;КЯ; ;UOOU
УТЫ;Усть-Тым; ;ТЯ; ; 
УДА;Усть-Уда; ;ИР; ;UIIT
УУЛ;Усть-Улаган; ;АЙ; ; 
УУР;Усть-Уролка; ;ПМ; ; 
УХЙ;Усть-Хайрюзово; ;КЧ; ;UHPU
УТЦ;Усть-Цильма; ;КИ; ;UUYX
УЧР;Усть-Черная; ;ПМ; ; 
УЧИ;Усть-Чижапка; ;ТЯ; ; 
УСЧ;Усть-Чуласа; ;АГ; ; 
УСУ;Усугли; ;ЧТ; ; 
УФА;Уфа;Ufa;БШ;UFA;UWUU
УХО;Ухошино; ;ПС; ; 
УХТ;Ухта;Ukhta;КИ;UCT;UUYH
УЧЫ;Учалы; ;БШ; ; 
УМИ;Учами; ;КЯ; ;UNHI
УШВ;Ушаково; ;ТЮ; ; 
УША;Ушаковский; ;ЧА; ; 
УШД;Ушбельдир; ;КЯ; ; 
УЭН;Уэлен; ;ЧА; ;UHLN
УЭЛ;Уэлькаль; ;ЧА; ; 
ФАК;Факел; ;КЯ; ; 
НФР;Фариха; ;АГ; ;ULEF
ФРК;Фарково; ;КЯ; ; 
ФЕВ;Февральск; ;АУ; ;UHWF
ФЕТ;Фетинино; ;ВЯ; ; 
ФИЛ;Филимоново; ;ЯР; ; 
ФРО;Фролово; ;КЯ; ;UNHF
ХАБ;Хабариха; ;КИ; ; 
ХБР;Хабаровск;Khabarovsk;ХБ;KHV;UHHH
ХАИ;Хайлино; ;КЧ; ;UHPF
ХЛК;Халактырка; ;КЧ; ;UHPH
ХМЭ;Хамакар; ;ИР; ; 
ХМР;Хамра; ;СФ; ; 
ХМЫ;Хамсара; ;ТУ; ; 
ХДЫ;Хандыга; ;СФ; ;UEMH
ХНЛ;Ханкала; ;ЧИ; ; 
ХЙО;Хантайское Озеро; ;КЯ; ;UOIH
ХАС;Ханты-Мансийск; ;ТЮ; ;USHH
ХГУ;Харанжеено; ;ИР; ; 
ХРЗ;Харасавей; ;ТЮ; ;USDH
ХРИ;Харитоново; ;АГ; ; 
ХАУ;Харута; ;КИ; ; 
ХРЯ;Харьяга; ;КИ; ; 
ХАГ;Харьягинский; ;АГ; ; 
ХВЮ;Хасавюрт; ;ДГ; ; 
ХАТ;Хатанга;Hatanga;КЯ;HTG;UOHH
ХЫК;Хатырка; ;ЧА; ; 
ХВЯ;Хвойная; ;НГ; ; 
ХВЙ;Хвойный; ;ИР; ; 
ХРП;Херпучи; ;ХБ; ;UHNH
ХЭТ;Хета; ;КЯ; ;UOHE
ХЛБ;Хлебниково; ;МИ; ; 
ХУА;Хову-Аксы; ;ТУ; ;UNYH
ХОЛ;Холм; ;НГ; ; 
ХЙВ;Хорей-Вер; ;АГ; ;ULEH
ХРН;Хоринск; ;БР; ;UIUH
ХОЭ;Хоэ; ;СЯ; ; 
ХРБ;Хребтовый; ;КЯ; ;UNHY
ХЖР;Хужир; ;ИР; ; 
ХЛМ;Хулимсунт; ;ТЮ; ; 
ХУН;Хунзах; ;ДГ; ; 
ЦАМ;Цаган-Аман; ;КЦ; ; 
ЦЛН;Целинное; ; ; ; 
ЦЕН;Ценогора; ;АГ; ;ULJC
ЦНТ;Центральный; ;КЗ; ; 
ЦНР;Центральный Рудник; ;КЗ; ; 
ЦИМ;Циммермановка; ;ХБ; ;UHNO
ЦИН;Цингалы; ;ТЮ; ; 
ЧГУ;Чагда; ;СФ; ; 
ЧДН;Чадан; ;ТУ; ; 
ЧБХ;Чайбуха; ;МГ; ;UHMG
ЧАК;Чайковский; ;ПМ; ; 
ЧПА;Чапаево [ЗСУ]; ;ОЯ; ; 
ЧАП;Чапаево [ЯКТ]; ;СФ; ; 
ЧПГ;Чаплыгин; ;ЛП; ; 
ЧАР;Чара; ;ЧТ; ;UIAR
ЧАЗ;Чарозеро; ;ВЯ; ; 
ЧРЫ;Чарышское; ;АЛ; ; 
ЧБЕ;Чебоксары;Cheboksary;ЧУ;CSY;UWKS
ЧБГ;Чебурга; ;ТЮ; ; 
ЧГД;Чегдомын; ;ХБ; ;UHHM
ЧЛС;Челюскин; ;КЯ; ; 
ЧЛБ;Челябинск;Chelyabinsk;ЧЛ;CEK;USCC
ЧЕМ;Чемдальск; ;КЯ; ;UNJX
ЧЕП;Чепец; ;ПМ; ; 
ЧРИ;Черби; ;ТУ; ; 
ЧРД;Чердынь; ;ПМ; ; 
ЧЕР;Черевково; ;АГ; ;ULUR
ЧМШ;Черемушки; ;ХЯ; ; 
ЧРМ;Черемхово; ;ИР; ;UIIE
ЧРШ;Черемшан; ;ТГ; ; 
ЧРВ;Череповец;Cherepovets;ВЯ;CEE;ULWC
ЧКЕ;Черкесск; ;КЫ; ; 
ЧМЗ;Чермоз; ;ПМ; ; 
ЧНЯ;Черная; ;АГ; ; 
ЧНГ;Черногорское; ;КИ; ; 
ЧОС;Черноостровское; ;КЯ; ; 
ЧЕК;Чернушка; ;ПМ; ; 
ЧРК;Чернышевск; ;ЧТ; ; 
ЧРС;Черский;Cherskiy;СФ;CYX;UESS
ЧСМ;Чесма; ;ЧЛ; ; 
ЧЕХ;Чехломей; ;ТЮ; ; 
ЧЧК;Чечуйск; ;ИР; ; 
ЧИЖ;Чижа; ;АГ; ;ULBI
ЧСЗ;Чилису-Анзас; ;КЗ; ; 
ЧИР;Чиринда; ;КЯ; ;UNIR
ЧРЮ;Чири-Юрт; ;ЧИ; ; 
ЧСТ;Чистополь; ;ТГ; ;UWKI
ЧТЙ;Чистый; ;ИР; ; 
СХТ;Чита;Chita;ЧТ;HTA;UIAA
ЧКА;Чкалов; ;СФ; ; 
ЧКД;Чокурдах;Chokurdah;СФ;CKH;UESO
ЧУВ;Чуванское; ;ЧА; ; 
ЧУД;Чудиново; ;ЧЛ; ; 
ЧЕВ;Чулково; ;КЯ; ;UNHL
ЧМН;Чульман;Chulman;СФ;CNN; 
ЧМВ;Чумаково; ;НБ; ; 
ЧМИ;Чумикан; ;ХБ; ; 
ЧУП;Чупрово; ;КИ; ; 
ЧПЧ;Чурапча; ;СФ; ; 
ЧСЕ;Чусовское; ;ПМ; ; 
ЧУХ;Чухлома; ;КФ; ;UUBF
ШАБ;Шаблыкино; ;ОЛ; ; 
ШРА;Шаранга; ;НЖ; ; 
ШРЫ;Шарыпово; ;КЯ; ;UNKO
ШАР;Шарья; ;КФ; ;УУБЯ
ШАТ;Шатрово; ;КЭ; ; 
ШАХ;Шахтерск; ;СЯ; ;UHSK
ШХТ;Шахты; ;РД; ;URRH
ШЕГ;Шегмас; ;АГ; ; 
ШЛП;Шелопугино; ;ЧТ; ; 
ШМШ;Шемышейка; ;ПЗ; ; 
ШЕН;Шенкурск; ;АГ; ;ULAN
ШРЛ;Шеркалы; ;ТЮ; ; 
ШВС;Шиверский; ;КЯ; ; 
ЩИМ;Шимановск; ;АУ; ;UHBK
ШИР;Шира; ;ХЯ; ;UNAI
ШКО;Широкое; ;АГ; ; 
ШИШ;Шишмарево; ;КЯ; ; 
ШМА;Шмаковка; ;ПР; ; 
ШОН;Шойна; ;АГ; ;ULBO
ШОЛ;Шола; ;ВЯ; ; 
ШОШ;Шошельцы; ;АГ; ; 
ШУГ;Шугур; ;ТЮ; ; 
ШЛЯ;Шумерля; ;ЧУ; ; 
ШМВ;Шумилово; ;ЧТ; ; 
ШРШ;Шурышкары; ;ТЮ; ; 
ШУШ;Шушенское; ;КЯ; ;UNAU
ЩЛБ;Щельябож; ;КИ; ; 
ЫРБ;Ырбан; ;ТУ; ; 
ЫТК;Ытык-Кюель; ;СФ; ; 
АИН;Эбелях; ;СФ; ; 
ЭБХ;Эбях; ;СФ; ; 
ЭВН;Эвенск; ;МГ; ; 
ЭГТ;Эгвекинот; ;ЧА; ;UHME
ЭЙК;Эйик; ;СФ; ; 
ЭМЧ;Экимчан; ;АУ; ;UHBP
ЭКО;Эконда; ;КЯ; ;UNIH
ЭЛИ;Элиста;Elista;КЦ;ESL;URWI
ЭНМ;Энмелен; ;ЧА; ; 
ЭНР;Энурмино; ;ЧА; ; 
ЭРЗ;Эрзин; ;КЯ; ;UNYR
ЭРТ;Эртиль; ;ВЖ; ; 
ЭСС;Эссо; ;КЧ; ; 
ЭХТ;Эхты; ;ДГ; ; 
ДЮГ;Юган; ;ТЮ; ; 
ЮГЛ;Юган-Лзу; ;ТЮ; ; 
ЮГР;Югоренок; ;СФ; ;UEEK
ЮЖА;Южа; ;ИВ; ; 
ЮЖЕ;Южно-Енисейск; ;КЯ; ; 
ЮЖК;Южно-Курильск; ;СЯ; ;UHSM
ЮЖХ;Южно-Сахалинск;Yuzhno-Sakhalinsk;СЯ;UUS;UHSS
ЮСУ;Южно-Сухокумск; ;ДГ; ; 
ЮЖЫ;Южный; ;ИР; ; 
ЮИЛ;Юильск; ;ТЮ; ; 
ЮКА;Юкаменское; ;УД; ; 
ЮКТ;Юкта; ;КЯ; ; 
ЮМА;Юмагузино; ;БШ; ; 
ЮМР;Юмурчен; ;ЧТ; ; 
ЮРГ;Юрга; ;КЗ; ; 
ЮРН;Юрино; ;МИ; ; 
ЮРВ;Юрьевец; ;ИВ; ; 
ЮРП;Юрьев-Польский; ;ВЛ; ; 
ЮРХ;Юрюнг-Хая; ;СФ; ; 
ЮХТ;Юхта; ;ИР; ;UNHH
ЯВА;Явас; ;МД; ; 
ЯГР;Ягурьях; ;ТЮ; ; 
ЯЙВ;Яйва; ;ПМ; ;УВПЯ
ЯКТ;Якутск;Yakutsk;СФ;YKS;UEEE
ЯМБ;Ямбург; ;ТЮ; ;УСМЯ
ЯНЛ;Янаул; ;БШ; ; 
ЯСА;Янов Стан; ;КЯ; ; 
ЯНА;Янракыннот; ;ЧА; ; 
ЯПС;Яптик-Сале; ;ТЮ; ; 
ЯРА;Яранск; ;КП; ; 
ЯРЕ;Яренск; ;АГ; ;УЛКЯ
ЯРК;Яркино; ;КЯ; ; 
ЯКВ;Ярково; ;ТЮ; ; 
ЯРН;Ярнема; ;АГ; ; 
ЯРЛ;Ярославль;Yaroslavl;ЯР;IAR; 
ЯРО;Ярославский; ;СФ; ; 
ЯРС;Яр-Сале; ;ТЮ; ;USDR
ЯРЦ;Ярцево; ;КЯ; ;УНИЯ
ЯСН;Ясный; ;АУ; ; 
ЯШН;Яшкино; ;КЗ; ; 
ЯЯЯ;Яя; ;КЗ; ; 
